Title,Year,Type,Journal Name,Article URL,Researcher Name,Profile URL,Job Title
An adaptive long memory conditional correlation model,2024,Journal article,Journal of Empirical Finance,https://findanexpert.unimelb.edu.au/scholarlywork/1852735-an%20adaptive%20long%20memory%20conditional%20correlation%20model,Jonathan Dark,https://findanexpert.unimelb.edu.au/profile/181374,Associate Professor
Forecasting variance swap payoffs,2022,Journal article,JOURNAL OF FUTURES MARKETS,https://findanexpert.unimelb.edu.au/scholarlywork/1693804-forecasting%20variance%20swap%20payoffs,Jonathan Dark,https://findanexpert.unimelb.edu.au/profile/181374,Associate Professor
An application of the Flexible Fourier Form to the Australian housing market,2022,Journal article,Victoria's Economic Bulletin,https://findanexpert.unimelb.edu.au/scholarlywork/1709256-an%20application%20of%20the%20flexible%20fourier%20form%20to%20the%20australian%20housing%20market,Jonathan Dark,https://findanexpert.unimelb.edu.au/profile/181374,Associate Professor
The lead of oil price rises on US equity market beliefs and preferences,2021,Journal article,Journal of Futures Markets,https://findanexpert.unimelb.edu.au/scholarlywork/1563372-the%20lead%20of%20oil%20price%20rises%20on%20us%20equity%20market%20beliefs%20and%20preferences,Jonathan Dark,https://findanexpert.unimelb.edu.au/profile/181374,Associate Professor
THE IMPACT OF COVID-19 ON AUSTRALIA’S HOUSING MARKET,2020,Scholarly Contribution to Database/Website,,https://findanexpert.unimelb.edu.au/scholarlywork/1458773-the%20impact%20of%20covid-19%20on%20australiae28099s%20housing%20market,Jonathan Dark,https://findanexpert.unimelb.edu.au/profile/181374,Associate Professor
Multivariate models with long memory dependence in conditional correlation and volatility,2018,Journal article,Journal of Empirical Finance,https://findanexpert.unimelb.edu.au/scholarlywork/1339941-multivariate%20models%20with%20long%20memory%20dependence%20in%20conditional%20correlation%20and%20volatility,Jonathan Dark,https://findanexpert.unimelb.edu.au/profile/181374,Associate Professor
Randomized controlled trial of probiotics after colonoscopy,2017,Journal article,ANZ Journal of Surgery,https://findanexpert.unimelb.edu.au/scholarlywork/985361-randomized%20controlled%20trial%20of%20probiotics%20after%20colonoscopy,Jonathan Dark,https://findanexpert.unimelb.edu.au/profile/181374,Associate Professor
Futures hedging with Markov switching vector error correction FIEGARCH and FIAPARCH,2015,Journal article,Journal of Banking and Finance,https://findanexpert.unimelb.edu.au/scholarlywork/1008723-futures%20hedging%20with%20markov%20switching%20vector%20error%20correction%20fiegarch%20and%20fiaparch,Jonathan Dark,https://findanexpert.unimelb.edu.au/profile/181374,Associate Professor
Currency Overlay for Global Equity Portfolios: Cross-Hedging and Base Currency,2015,Journal article,Journal of Futures Markets,https://findanexpert.unimelb.edu.au/scholarlywork/928355-currency%20overlay%20for%20global%20equity%20portfolios-%20cross-hedging%20and%20base%20currency,Jonathan Dark,https://findanexpert.unimelb.edu.au/profile/181374,Associate Professor
Lymph node status as a prognostic indicator after preoperative neoadjuvant chemoradiotherapy of rectal cancer,2014,Journal article,Colorectal Disease,https://findanexpert.unimelb.edu.au/scholarlywork/913458-lymph%20node%20status%20as%20a%20prognostic%20indicator%20after%20preoperative%20neoadjuvant%20chemoradiotherapy%20of%20rectal%20cancer,Jonathan Dark,https://findanexpert.unimelb.edu.au/profile/181374,Associate Professor
Factors predicting stomal wound closure infection rates,2013,Journal article,Techniques in Coloproctology,https://findanexpert.unimelb.edu.au/scholarlywork/458530-factors%20predicting%20stomal%20wound%20closure%20infection%20rates,Jonathan Dark,https://findanexpert.unimelb.edu.au/profile/181374,Associate Professor
Will tighter futures price limits decrease hedge effectiveness?,2012,Journal article,JOURNAL OF BANKING & FINANCE,https://findanexpert.unimelb.edu.au/scholarlywork/483718-will%20tighter%20futures%20price%20limits%20decrease%20hedge%20effectiveness?,Jonathan Dark,https://findanexpert.unimelb.edu.au/profile/181374,Associate Professor
Will tighter futures price limits decrease hedge effectiveness?,2012,Report,Journal of Banking & Finance,https://findanexpert.unimelb.edu.au/scholarlywork/325701-will%20tighter%20futures%20price%20limits%20decrease%20hedge%20effectiveness?,Jonathan Dark,https://findanexpert.unimelb.edu.au/profile/181374,Associate Professor
Dynamic currency hedging for international stock portfolios,2012,Journal article,Review of Futures Markets (Kent),https://findanexpert.unimelb.edu.au/scholarlywork/578767-dynamic%20currency%20hedging%20for%20international%20stock%20portfolios,Jonathan Dark,https://findanexpert.unimelb.edu.au/profile/181374,Associate Professor
A comparison of developed and emerging equity market return volatility at different time scales,2011,Journal article,Managerial Finance,https://findanexpert.unimelb.edu.au/scholarlywork/336116-a%20comparison%20of%20developed%20and%20emerging%20equity%20market%20return%20volatility%20at%20different%20time%20scales,Jonathan Dark,https://findanexpert.unimelb.edu.au/profile/181374,Associate Professor
"Exchange traded contracts for difference: Design, pricing, and effects",2010,Journal article,Journal of Futures Markets,https://findanexpert.unimelb.edu.au/scholarlywork/325511-exchange%20traded%20contracts%20for%20difference-%20design-%20pricing-%20and%20effects,Jonathan Dark,https://findanexpert.unimelb.edu.au/profile/181374,Associate Professor
Influence diagnostics for multivariate GARCH processes,2010,Journal article,Journal of Time Series Analysis,https://findanexpert.unimelb.edu.au/scholarlywork/325634-influence%20diagnostics%20for%20multivariate%20garch%20processes,Jonathan Dark,https://findanexpert.unimelb.edu.au/profile/181374,Associate Professor
Impact of capital control measures on the Malaysian stock market: A multiresolution analysis,2010,Journal article,International Journal of Managerial Finance,https://findanexpert.unimelb.edu.au/scholarlywork/325512-impact%20of%20capital%20control%20measures%20on%20the%20malaysian%20stock%20market-%20a%20multiresolution%20analysis,Jonathan Dark,https://findanexpert.unimelb.edu.au/profile/181374,Associate Professor
How do patients aged 85 and older fare with abdominal surgery?,2010,Journal article,Journal of the American Geriatrics Society,https://findanexpert.unimelb.edu.au/scholarlywork/325912-how%20do%20patients%20aged%2085%20and%20older%20fare%20with%20abdominal%20surgery?,Jonathan Dark,https://findanexpert.unimelb.edu.au/profile/181374,Associate Professor
Estimation of time varying skewness and kurtosis with an application to value at risk,2010,Journal article,Studies in Nonlinear Dynamics and Econometrics,https://findanexpert.unimelb.edu.au/scholarlywork/325640-estimation%20of%20time%20varying%20skewness%20and%20kurtosis%20with%20an%20application%20to%20value%20at%20risk,Jonathan Dark,https://findanexpert.unimelb.edu.au/profile/181374,Associate Professor
Wavelet estimation of asymmetric hedge ratios: Does econometric sophistication boost hedging effectiveness?,2008,Journal article,International journal of business and economics,https://findanexpert.unimelb.edu.au/scholarlywork/325642-wavelet%20estimation%20of%20asymmetric%20hedge%20ratios-%20does%20econometric%20sophistication%20boost%20hedging%20effectiveness?,Jonathan Dark,https://findanexpert.unimelb.edu.au/profile/181374,Associate Professor
Basis convergence and long memory in volatility when dynamic hedging with futures,2007,Journal article,Journal of Financial and Quantitative Analysis,https://findanexpert.unimelb.edu.au/scholarlywork/325503-basis%20convergence%20and%20long%20memory%20in%20volatility%20when%20dynamic%20hedging%20with%20futures,Jonathan Dark,https://findanexpert.unimelb.edu.au/profile/181374,Associate Professor
A Critique of Minimum Variance Hedging,2005,Journal article,Accounting Research Journal,https://findanexpert.unimelb.edu.au/scholarlywork/325504-a%20critique%20of%20minimum%20variance%20hedging,Jonathan Dark,https://findanexpert.unimelb.edu.au/profile/181374,Associate Professor
Secure task offloading strategy optimization of UAV-aided outdoor mobile high-definition live streaming,2025,Journal article,Chinese Journal of Aeronautics,https://findanexpert.unimelb.edu.au/scholarlywork/1985438-secure%20task%20offloading%20strategy%20optimization%20of%20uav-aided%20outdoor%20mobile%20high-definition%20live%20streaming,André F. Gygax,https://findanexpert.unimelb.edu.au/profile/4210,Senior Lecturer
Energy Consumption Modeling and Optimization of UAV-Assisted MEC Networks Using Deep Reinforcement Learning,2024,Journal article,IEEE Sensors Journal,https://findanexpert.unimelb.edu.au/scholarlywork/1871339-energy%20consumption%20modeling%20and%20optimization%20of%20uav-assisted%20mec%20networks%20using%20deep%20reinforcement%20learning,André F. Gygax,https://findanexpert.unimelb.edu.au/profile/4210,Senior Lecturer
Reproducibility in Management Science,2024,Journal article,Management Science,https://findanexpert.unimelb.edu.au/scholarlywork/1990829-reproducibility%20in%20management%20science,André F. Gygax,https://findanexpert.unimelb.edu.au/profile/4210,Senior Lecturer
Energy-Efficient Content Fetching Strategies in Cache-Enabled D2D Networks via an Actor-Critic Reinforcement Learning Structure,2024,Journal article,IEEE Transactions on Vehicular Technology,https://findanexpert.unimelb.edu.au/scholarlywork/1905882-energy-efficient%20content%20fetching%20strategies%20in%20cache-enabled%20d2d%20networks%20via%20an%20actor-critic%20reinforcement%20learning%20structure,André F. Gygax,https://findanexpert.unimelb.edu.au/profile/4210,Senior Lecturer
Efficient Generation of Optimal UAV Trajectories With Uncertain Obstacle Avoidance in MEC Networks,2024,Journal article,IEEE Internet of Things Journal,https://findanexpert.unimelb.edu.au/scholarlywork/1926084-efficient%20generation%20of%20optimal%20uav%20trajectories%20with%20uncertain%20obstacle%20avoidance%20in%20mec%20networks,André F. Gygax,https://findanexpert.unimelb.edu.au/profile/4210,Senior Lecturer
Time to forge ahead: The Internet of Things for healthcare,2023,Journal article,Digital Communications and Networks,https://findanexpert.unimelb.edu.au/scholarlywork/1687116-time%20to%20forge%20ahead-%20the%20internet%20of%20things%20for%20healthcare,André F. Gygax,https://findanexpert.unimelb.edu.au/profile/4210,Senior Lecturer
Wireless charging of smartwear for health and safety monitoring system,2020,Conference Proceedings,"2020 IEEE PELS Workshop on Emerging Technologies: Wireless Power Transfer, WoW 2020",https://findanexpert.unimelb.edu.au/scholarlywork/1492668-wireless%20charging%20of%20smartwear%20for%20health%20and%20safety%20monitoring%20system,André F. Gygax,https://findanexpert.unimelb.edu.au/profile/4210,Senior Lecturer
PECS: Towards personalized edge caching for future service-centric networks,2019,Journal article,China Communications,https://findanexpert.unimelb.edu.au/scholarlywork/1412781-pecs-%20towards%20personalized%20edge%20caching%20for%20future%20service-centric%20networks,André F. Gygax,https://findanexpert.unimelb.edu.au/profile/4210,Senior Lecturer
An option-theoretic model of a reputation network,2019,Journal article,Journal of Mathematical Sociology,https://findanexpert.unimelb.edu.au/scholarlywork/1363856-an%20option-theoretic%20model%20of%20a%20reputation%20network,André F. Gygax,https://findanexpert.unimelb.edu.au/profile/4210,Senior Lecturer
Assessing the energy consumption of 5G wireless edge caching,2019,Conference Proceedings,Proceedings of 2019 IEEE International Conference on Communications Workshops,https://findanexpert.unimelb.edu.au/scholarlywork/1407372-assessing%20the%20energy%20consumption%20of%205g%20wireless%20edge%20caching,André F. Gygax,https://findanexpert.unimelb.edu.au/profile/4210,Senior Lecturer
Big Data Driven Predictive Caching at the Wireless Edge,2019,Conference Proceedings,Proceedings of 2019 IEEE International Conference on Communications Workshops,https://findanexpert.unimelb.edu.au/scholarlywork/1407373-big%20data%20driven%20predictive%20caching%20at%20the%20wireless%20edge,André F. Gygax,https://findanexpert.unimelb.edu.au/profile/4210,Senior Lecturer
Modeling the Total Energy Consumption of Mobile Network Services and Applications,2019,Journal article,ENERGIES,https://findanexpert.unimelb.edu.au/scholarlywork/1369379-modeling%20the%20total%20energy%20consumption%20of%20mobile%20network%20services%20and%20applications,André F. Gygax,https://findanexpert.unimelb.edu.au/profile/4210,Senior Lecturer
Assessing the Energy Consumption of Proactive Mobile Edge Caching in Wireless Networks,2019,Journal article,IEEE Access,https://findanexpert.unimelb.edu.au/scholarlywork/1412782-assessing%20the%20energy%20consumption%20of%20proactive%20mobile%20edge%20caching%20in%20wireless%20networks,André F. Gygax,https://findanexpert.unimelb.edu.au/profile/4210,Senior Lecturer
Are Directors Really Irrelevant to Capital Structure Choice?,2017,Journal article,SSRN Electronic Journal,https://findanexpert.unimelb.edu.au/scholarlywork/1409108-are%20directors%20really%20irrelevant%20to%20capital%20structure%20choice?,André F. Gygax,https://findanexpert.unimelb.edu.au/profile/4210,Senior Lecturer
Network Energy Consumption Assessment of Conventional Mobile Services and Over-The-Top Instant Messaging Applications,2016,Journal article,IEEE Journal on Selected Areas in Communications,https://findanexpert.unimelb.edu.au/scholarlywork/1125137-network%20energy%20consumption%20assessment%20of%20conventional%20mobile%20services%20and%20over-the-top%20instant%20messaging%20applications,André F. Gygax,https://findanexpert.unimelb.edu.au/profile/4210,Senior Lecturer
Managing the use-phase and embodied energy consumption to achieve sustainable network growth,2016,Conference Proceedings,Asia Communications and Photonics Conference ACP,https://findanexpert.unimelb.edu.au/scholarlywork/1466889-managing%20the%20use-phase%20and%20embodied%20energy%20consumption%20to%20achieve%20sustainable%20network%20growth,André F. Gygax,https://findanexpert.unimelb.edu.au/profile/4210,Senior Lecturer
Pedestrian behaviour analysis using the microsoft kinect,2016,Conference Proceedings,2016 IEEE International Conference on Pervasive Computing and Communication Workshops Percom Workshops 2016,https://findanexpert.unimelb.edu.au/scholarlywork/1061816-pedestrian%20behaviour%20analysis%20using%20the%20microsoft%20kinect,André F. Gygax,https://findanexpert.unimelb.edu.au/profile/4210,Senior Lecturer
Telecommunications energy and greenhouse gas emissions management for future network growth,2016,Journal article,Applied Energy,https://findanexpert.unimelb.edu.au/scholarlywork/1030009-telecommunications%20energy%20and%20greenhouse%20gas%20emissions%20management%20for%20future%20network%20growth,André F. Gygax,https://findanexpert.unimelb.edu.au/profile/4210,Senior Lecturer
Managing the use-phase and embodied energy consumption to achieve sustainable network growth,2016,Conference Proceedings,Optics Infobase Conference Papers,https://findanexpert.unimelb.edu.au/scholarlywork/1200728-managing%20the%20use-phase%20and%20embodied%20energy%20consumption%20to%20achieve%20sustainable%20network%20growth,André F. Gygax,https://findanexpert.unimelb.edu.au/profile/4210,Senior Lecturer
Are Fat Cats Copycats? Evidence from Director and Consultant Network Dynamics,2016,Journal article,SSRN Electronic Journal,https://findanexpert.unimelb.edu.au/scholarlywork/1409109-are%20fat%20cats%20copycats?%20evidence%20from%20director%20and%20consultant%20network%20dynamics,André F. Gygax,https://findanexpert.unimelb.edu.au/profile/4210,Senior Lecturer
Assessing network energy consumption of mobile applications,2015,Journal article,IEEE Communications Magazine,https://findanexpert.unimelb.edu.au/scholarlywork/1016091-assessing%20network%20energy%20consumption%20of%20mobile%20applications,André F. Gygax,https://findanexpert.unimelb.edu.au/profile/4210,Senior Lecturer
Board interlocking network and the design of executive compensation packages,2015,Journal article,Social Networks,https://findanexpert.unimelb.edu.au/scholarlywork/950980-board%20interlocking%20network%20and%20the%20design%20of%20executive%20compensation%20packages,André F. Gygax,https://findanexpert.unimelb.edu.au/profile/4210,Senior Lecturer
Board interlocking network and the design of executive compensation packages,2015,Conference Proceedings,Social Networks,https://findanexpert.unimelb.edu.au/scholarlywork/325401-board%20interlocking%20network%20and%20the%20design%20of%20executive%20compensation%20packages,André F. Gygax,https://findanexpert.unimelb.edu.au/profile/4210,Senior Lecturer
Succession financing in family firms,2013,Journal article,Small Business Economics,https://findanexpert.unimelb.edu.au/scholarlywork/584440-succession%20financing%20in%20family%20firms,André F. Gygax,https://findanexpert.unimelb.edu.au/profile/4210,Senior Lecturer
Methodologies for assessing the use-phase power consumption and greenhouse gas emissions of telecommunications network services,2013,Journal article,Environmental Science and Technology,https://findanexpert.unimelb.edu.au/scholarlywork/349133-methodologies%20for%20assessing%20the%20use-phase%20power%20consumption%20and%20greenhouse%20gas%20emissions%20of%20telecommunications%20network%20services,André F. Gygax,https://findanexpert.unimelb.edu.au/profile/4210,Senior Lecturer
Energy audit models for telecommunications networks and services,2013,Conference Proceedings,"Asia Communications and Photonics Conference, ACP",https://findanexpert.unimelb.edu.au/scholarlywork/745493-energy%20audit%20models%20for%20telecommunications%20networks%20and%20services,André F. Gygax,https://findanexpert.unimelb.edu.au/profile/4210,Senior Lecturer
Towards an energy rating system for telecommunications,2012,Journal article,Telecommunication Journal of Australia,https://findanexpert.unimelb.edu.au/scholarlywork/485077-towards%20an%20energy%20rating%20system%20for%20telecommunications,André F. Gygax,https://findanexpert.unimelb.edu.au/profile/4210,Senior Lecturer
"Energy Star Rating for Future Telecom Services: Motivation, Methodologies and Challenges",2012,Conference Proceedings,Asia Communications and Photonics Conference,https://findanexpert.unimelb.edu.au/scholarlywork/1507708-energy%20star%20rating%20for%20future%20telecom%20services-%20motivation-%20methodologies%20and%20challenges,André F. Gygax,https://findanexpert.unimelb.edu.au/profile/4210,Senior Lecturer
"Energy rating for future telecom services: Motivation, methodologies and challenges",2012,Conference Proceedings,Asia Communications and Photonics Conference ACP,https://findanexpert.unimelb.edu.au/scholarlywork/347842-energy%20rating%20for%20future%20telecom%20services-%20motivation-%20methodologies%20and%20challenges,André F. Gygax,https://findanexpert.unimelb.edu.au/profile/4210,Senior Lecturer
Advanced Modulation Format Generation using High-Speed Directly Modulated Lasers for Optical Metro/Access Systems,2012,Conference Proceedings,2011 ASIA COMMUNICATIONS AND PHOTONICS CONFERENCE AND EXHIBITION (ACP),https://findanexpert.unimelb.edu.au/scholarlywork/1372089-advanced%20modulation%20format%20generation%20using%20high-speed%20directly%20modulated%20lasers%20for%20optical%20metro-access%20systems,André F. Gygax,https://findanexpert.unimelb.edu.au/profile/4210,Senior Lecturer
Energy efficiency of on-demand video caching systems and user behavior,2011,Journal article,Optics Express,https://findanexpert.unimelb.edu.au/scholarlywork/338931-energy%20efficiency%20of%20on-demand%20video%20caching%20systems%20and%20user%20behavior,André F. Gygax,https://findanexpert.unimelb.edu.au/profile/4210,Senior Lecturer
What Do Investment Banks Truly Bring to the Table?,2011,Journal article,ABACUS-A JOURNAL OF ACCOUNTING FINANCE AND BUSINESS STUDIES,https://findanexpert.unimelb.edu.au/scholarlywork/325597-what%20do%20investment%20banks%20truly%20bring%20to%20the%20table?,André F. Gygax,https://findanexpert.unimelb.edu.au/profile/4210,Senior Lecturer
Index composition changes and the cost of incumbency,2010,Journal article,Journal of Banking and Finance,https://findanexpert.unimelb.edu.au/scholarlywork/323536-index%20composition%20changes%20and%20the%20cost%20of%20incumbency,André F. Gygax,https://findanexpert.unimelb.edu.au/profile/4210,Senior Lecturer
Pricing errors and estimates of risk premia in factor models,2010,Journal article,Annals of Finance,https://findanexpert.unimelb.edu.au/scholarlywork/316479-pricing%20errors%20and%20estimates%20of%20risk%20premia%20in%20factor%20models,André F. Gygax,https://findanexpert.unimelb.edu.au/profile/4210,Senior Lecturer
Consortium Deals and the Market for Lbos,2010,Conference Proceedings,SSRN Electronic Journal,https://findanexpert.unimelb.edu.au/scholarlywork/325397-consortium%20deals%20and%20the%20market%20for%20lbos,André F. Gygax,https://findanexpert.unimelb.edu.au/profile/4210,Senior Lecturer
"Financial Markets, Investment Analysis and Trading in Primary and Secondary Markets",2010,Book Chapter,,https://findanexpert.unimelb.edu.au/scholarlywork/323254-financial%20markets-%20investment%20analysis%20and%20trading%20in%20primary%20and%20secondary%20markets,André F. Gygax,https://findanexpert.unimelb.edu.au/profile/4210,Senior Lecturer
"Audit quality, auditor compensation and initial public offering underpricing",2008,Journal article,Accounting and Finance,https://findanexpert.unimelb.edu.au/scholarlywork/301567-audit%20quality-%20auditor%20compensation%20and%20initial%20public%20offering%20underpricing,André F. Gygax,https://findanexpert.unimelb.edu.au/profile/4210,Senior Lecturer
Migration of Trading and the Introduction of Single Stock Futures on the Underlying U.S. Stocks,2008,Conference Proceedings,SSRN Electronic Journal,https://findanexpert.unimelb.edu.au/scholarlywork/325500-migration%20of%20trading%20and%20the%20introduction%20of%20single%20stock%20futures%20on%20the%20underlying%20u.s.%20stocks,André F. Gygax,https://findanexpert.unimelb.edu.au/profile/4210,Senior Lecturer
The Effects of Business Method Patents on Grantees and Their Industry Rivals,2008,Conference Proceedings,,https://findanexpert.unimelb.edu.au/scholarlywork/306754-the%20effects%20of%20business%20method%20patents%20on%20grantees%20and%20their%20industry%20rivals,André F. Gygax,https://findanexpert.unimelb.edu.au/profile/4210,Senior Lecturer
Do Index Effects Reflect Idiosyncratic or Industry Effects? A Re-Examination of the Winners and Losers of S&P 500 Index Addition,2007,Conference Proceedings,SSRN Electronic Journal,https://findanexpert.unimelb.edu.au/scholarlywork/325598-do%20index%20effects%20reflect%20idiosyncratic%20or%20industry%20effects?%20a%20re-examination%20of%20the%20winners%20and%20losers%20of%20s&p%20500%20index%20addition,André F. Gygax,https://findanexpert.unimelb.edu.au/profile/4210,Senior Lecturer
Do venture capitalists imitate portfolio size?,2007,Journal article,Financial Markets and Portfolio Management,https://findanexpert.unimelb.edu.au/scholarlywork/286164-do%20venture%20capitalists%20imitate%20portfolio%20size?,André F. Gygax,https://findanexpert.unimelb.edu.au/profile/4210,Senior Lecturer
Testing the Arbitrage Pricing Condition of APT,2006,Conference Proceedings,SSRN Electronic Journal,https://findanexpert.unimelb.edu.au/scholarlywork/325732-testing%20the%20arbitrage%20pricing%20condition%20of%20apt,André F. Gygax,https://findanexpert.unimelb.edu.au/profile/4210,Senior Lecturer
How Eventful are Event Studies?,2001,Journal article,SSRN Electronic Journal,https://findanexpert.unimelb.edu.au/scholarlywork/1409107-how%20eventful%20are%20event%20studies?,André F. Gygax,https://findanexpert.unimelb.edu.au/profile/4210,Senior Lecturer
Learning and Prediction across Events,2001,Journal article,SSRN Electronic Journal,https://findanexpert.unimelb.edu.au/scholarlywork/1210357-learning%20and%20prediction%20across%20events,André F. Gygax,https://findanexpert.unimelb.edu.au/profile/4210,Senior Lecturer
"Disclosure, Transparency and Regulation of Open Market Repurchases in Australia",2020,Journal article,Company and Securities Law Journal,https://findanexpert.unimelb.edu.au/scholarlywork/1444170-disclosure-%20transparency%20and%20regulation%20of%20open%20market%20repurchases%20in%20australia,John Handley,https://findanexpert.unimelb.edu.au/profile/116,
Partial differential equations for Asian option prices,2016,Journal article,Quantitative Finance,https://findanexpert.unimelb.edu.au/scholarlywork/1010236-partial%20differential%20equations%20for%20asian%20option%20prices,John Handley,https://findanexpert.unimelb.edu.au/profile/116,
The Dividend Substitution Hypothesis: Australian Evidence,2015,Journal article,Abacus,https://findanexpert.unimelb.edu.au/scholarlywork/963766-the%20dividend%20substitution%20hypothesis-%20australian%20evidence,John Handley,https://findanexpert.unimelb.edu.au/profile/116,
A Closer Look at Barrier Exchange Options,2013,Journal article,Journal of Futures Markets,https://findanexpert.unimelb.edu.au/scholarlywork/451911-a%20closer%20look%20at%20barrier%20exchange%20options,John Handley,https://findanexpert.unimelb.edu.au/profile/116,
The historical equity risk premium in Australia: Post-GFC and 128years of data,2012,Journal article,Accounting and Finance,https://findanexpert.unimelb.edu.au/scholarlywork/335521-the%20historical%20equity%20risk%20premium%20in%20australia-%20post-gfc%20and%20128years%20of%20data,John Handley,https://findanexpert.unimelb.edu.au/profile/116,
A measure of the efficacy of the Australian imputation tax system,2008,Journal article,Economic Record,https://findanexpert.unimelb.edu.au/scholarlywork/305333-a%20measure%20of%20the%20efficacy%20of%20the%20australian%20imputation%20tax%20system,John Handley,https://findanexpert.unimelb.edu.au/profile/116,
Re-examination of the historical equity risk premium in Australia,2008,Journal article,Accounting and Finance,https://findanexpert.unimelb.edu.au/scholarlywork/305336-re-examination%20of%20the%20historical%20equity%20risk%20premium%20in%20australia,John Handley,https://findanexpert.unimelb.edu.au/profile/116,
Dividend policy: Reconciling DD with MM,2008,Journal article,Journal of Financial Economics,https://findanexpert.unimelb.edu.au/scholarlywork/301304-dividend%20policy-%20reconciling%20dd%20with%20mm,John Handley,https://findanexpert.unimelb.edu.au/profile/116,
Compression-Based Data Mining,2008,Book Chapter,,https://findanexpert.unimelb.edu.au/scholarlywork/2092098-compression-based%20data%20mining,John Handley,https://findanexpert.unimelb.edu.au/profile/116,
On the upper bound of a call option,2005,Journal article,Review of Derivatives Research,https://findanexpert.unimelb.edu.au/scholarlywork/271141-on%20the%20upper%20bound%20of%20a%20call%20option,John Handley,https://findanexpert.unimelb.edu.au/profile/116,
An Empirical Test of the Pricing of VPO Contracts,2003,Journal article,Australian Journal of Management,https://findanexpert.unimelb.edu.au/scholarlywork/256803-an%20empirical%20test%20of%20the%20pricing%20of%20vpo%20contracts,John Handley,https://findanexpert.unimelb.edu.au/profile/116,
On the Valuation of Warrants,2002,Journal article,Journal of Futures Markets,https://findanexpert.unimelb.edu.au/scholarlywork/253315-on%20the%20valuation%20of%20warrants,John Handley,https://findanexpert.unimelb.edu.au/profile/116,
Do share prices matter?,2002,Journal article,Accounting and Finance,https://findanexpert.unimelb.edu.au/scholarlywork/253185-do%20share%20prices%20matter?,John Handley,https://findanexpert.unimelb.edu.au/profile/116,
ADAPT: Automated Document Architecture Processing and Tagging,2001,Journal article,Journal of Library Administration,https://findanexpert.unimelb.edu.au/scholarlywork/1444678-adapt-%20automated%20document%20architecture%20processing%20and%20tagging,John Handley,https://findanexpert.unimelb.edu.au/profile/116,
Variable purchase options,2000,Journal article,Review of Derivatives Research,https://findanexpert.unimelb.edu.au/scholarlywork/246919-variable%20purchase%20options,John Handley,https://findanexpert.unimelb.edu.au/profile/116,
The Pricing of Underwriting Risk in Relation to Australian Rights Issues,1995,Journal article,Australian Journal of Management,https://findanexpert.unimelb.edu.au/scholarlywork/1062191-the%20pricing%20of%20underwriting%20risk%20in%20relation%20to%20australian%20rights%20issues,John Handley,https://findanexpert.unimelb.edu.au/profile/116,
Estimating background risk hedging demands from cross-sectional data,2025,Journal article,Journal of Financial Research,https://findanexpert.unimelb.edu.au/scholarlywork/1931978-estimating%20background%20risk%20hedging%20demands%20from%20cross-sectional%20data,Joachim Inkmann,https://findanexpert.unimelb.edu.au/profile/250474,Associate Professor
Aggregate portfolio choice,2024,Journal article,Journal of Empirical Finance,https://findanexpert.unimelb.edu.au/scholarlywork/1874563-aggregate%20portfolio%20choice,Joachim Inkmann,https://findanexpert.unimelb.edu.au/profile/250474,Associate Professor
MANAGING FINANCIALLY DISTRESSED PENSION PLANS IN THE INTEREST OF BENEFICIARIES,2017,Journal article,Journal of Risk and Insurance,https://findanexpert.unimelb.edu.au/scholarlywork/979152-managing%20financially%20distressed%20pension%20plans%20in%20the%20interest%20of%20beneficiaries,Joachim Inkmann,https://findanexpert.unimelb.edu.au/profile/250474,Associate Professor
Life-cycle patterns in the design and adoption of default funds in DC pension plans,2016,Journal article,Journal of Pension Economics and Finance,https://findanexpert.unimelb.edu.au/scholarlywork/947973-life-cycle%20patterns%20in%20the%20design%20and%20adoption%20of%20default%20funds%20in%20dc%20pension%20plans,Joachim Inkmann,https://findanexpert.unimelb.edu.au/profile/250474,Associate Professor
Parametric Portfolio Policies in the Surplus Consumption Ratio,2015,Journal article,International Review of Finance,https://findanexpert.unimelb.edu.au/scholarlywork/970890-parametric%20portfolio%20policies%20in%20the%20surplus%20consumption%20ratio,Joachim Inkmann,https://findanexpert.unimelb.edu.au/profile/250474,Associate Professor
Can the Life Insurance Market Provide Evidence for a Bequest Motive?,2012,Journal article,Journal of Risk and Insurance,https://findanexpert.unimelb.edu.au/scholarlywork/336491-can%20the%20life%20insurance%20market%20provide%20evidence%20for%20a%20bequest%20motive?,Joachim Inkmann,https://findanexpert.unimelb.edu.au/profile/250474,Associate Professor
How deep is the annuity market participation puzzle?,2011,Journal article,Review of Financial Studies,https://findanexpert.unimelb.edu.au/scholarlywork/325193-how%20deep%20is%20the%20annuity%20market%20participation%20puzzle?,Joachim Inkmann,https://findanexpert.unimelb.edu.au/profile/250474,Associate Professor
Estimating firm size elasticities of product and process R&D,2010,Journal article,Economica,https://findanexpert.unimelb.edu.au/scholarlywork/325189-estimating%20firm%20size%20elasticities%20of%20product%20and%20process%20r&d,Joachim Inkmann,https://findanexpert.unimelb.edu.au/profile/250474,Associate Professor
Optimal hedging of the currency exchange risk exposure of dynamically balanced strategic asset allocations,2003,Journal article,Journal of Asset Management,https://findanexpert.unimelb.edu.au/scholarlywork/1573824-optimal%20hedging%20of%20the%20currency%20exchange%20risk%20exposure%20of%20dynamically%20balanced%20strategic%20asset%20allocations,Joachim Inkmann,https://findanexpert.unimelb.edu.au/profile/250474,Associate Professor
Conditional Moment Estimation of Nonlinear Equation Systems,2001,Book,Lecture Notes in Economics and Mathematical Systems,https://findanexpert.unimelb.edu.au/scholarlywork/1573823-conditional%20moment%20estimation%20of%20nonlinear%20equation%20systems,Joachim Inkmann,https://findanexpert.unimelb.edu.au/profile/250474,Associate Professor
Young and Out in Germany: On the Youths’ Chances of Labor Market Entrance in Germany,2000,Book Chapter,,https://findanexpert.unimelb.edu.au/scholarlywork/1887333-young%20and%20out%20in%20germany-%20on%20the%20youthse28099%20chances%20of%20labor%20market%20entrance%20in%20germany,Joachim Inkmann,https://findanexpert.unimelb.edu.au/profile/250474,Associate Professor
Misspecified heteroskedasticity in the panel probit model: A small sample comparison of GMM and SML estimators,2000,Journal article,Journal of Econometrics,https://findanexpert.unimelb.edu.au/scholarlywork/983702-misspecified%20heteroskedasticity%20in%20the%20panel%20probit%20model-%20a%20small%20sample%20comparison%20of%20gmm%20and%20sml%20estimators,Joachim Inkmann,https://findanexpert.unimelb.edu.au/profile/250474,Associate Professor
Young and out in Germany: On youths' chances of labor market entrance in Germany,2000,Conference Proceedings,YOUTH EMPLOYMENT AND JOBLESSNESS IN ADVANCED COUNTRIES,https://findanexpert.unimelb.edu.au/scholarlywork/994795-young%20and%20out%20in%20germany-%20on%20youths'%20chances%20of%20labor%20market%20entrance%20in%20germany,Joachim Inkmann,https://findanexpert.unimelb.edu.au/profile/250474,Associate Professor
Evolution of Debt Financing Toward Less-Regulated Financial Intermediaries in the United States,2025,Journal article,Journal of Financial and Quantitative Analysis,https://findanexpert.unimelb.edu.au/scholarlywork/1879589-evolution%20of%20debt%20financing%20toward%20less-regulated%20financial%20intermediaries%20in%20the%20united%20states,Eduard Inozemtsev,https://findanexpert.unimelb.edu.au/profile/1050858,Senior Lecturer
Bond Ownership Concentration,2023,Report,,https://findanexpert.unimelb.edu.au/scholarlywork/1881751-bond%20ownership%20concentration,Eduard Inozemtsev,https://findanexpert.unimelb.edu.au/profile/1050858,Senior Lecturer
Strategic Behavior Surrounding Sales of Mutual-Fund Management Companies,2018,Report,,https://findanexpert.unimelb.edu.au/scholarlywork/1882196-strategic%20behavior%20surrounding%20sales%20of%20mutual-fund%20management%20companies,Eduard Inozemtsev,https://findanexpert.unimelb.edu.au/profile/1050858,Senior Lecturer
Actively managed Russian mutual funds: Good or bad for investors?,2018,Journal article,Voprosy Ekonomiki,https://findanexpert.unimelb.edu.au/scholarlywork/1903356-actively%20managed%20russian%20mutual%20funds-%20good%20or%20bad%20for%20investors?,Eduard Inozemtsev,https://findanexpert.unimelb.edu.au/profile/1050858,Senior Lecturer
Backstage games of management companies,2017,Journal article,Hse Economic Journal,https://findanexpert.unimelb.edu.au/scholarlywork/1903357-backstage%20games%20of%20management%20companies,Eduard Inozemtsev,https://findanexpert.unimelb.edu.au/profile/1050858,Senior Lecturer
Five guidelines to improve context-aware process selection: an Australian banking perspective,2025,Journal article,Business Process Management Journal,https://findanexpert.unimelb.edu.au/scholarlywork/1936783-five%20guidelines%20to%20improve%20context-aware%20process%20selection-%20an%20australian%20banking%20perspective,Michael Davern,https://findanexpert.unimelb.edu.au/profile/14375,
Addressing the Contemporary Challenges of Business Process Compliance: The Case for Process Mining in the Banking Industry,2025,Journal article,Business and Information Systems Engineering,https://findanexpert.unimelb.edu.au/scholarlywork/1977170-addressing%20the%20contemporary%20challenges%20of%20business%20process%20compliance-%20the%20case%20for%20process%20mining%20in%20the%20banking%20industry,Michael Davern,https://findanexpert.unimelb.edu.au/profile/14375,
The details matter: SEC regulatory guidance and informativeness in non-GAAP disclosure decisions,2024,Journal article,Meditari Accountancy Research,https://findanexpert.unimelb.edu.au/scholarlywork/1914554-the%20details%20matter-%20sec%20regulatory%20guidance%20and%20informativeness%20in%20non-gaap%20disclosure%20decisions,Michael Davern,https://findanexpert.unimelb.edu.au/profile/14375,
"End-to-end, no-code business process compliance framework for the banking industry",2024,Conference Proceedings,CEUR Workshop Proceedings,https://findanexpert.unimelb.edu.au/scholarlywork/1961907-end-to-end-%20no-code%20business%20process%20compliance%20framework%20for%20the%20banking%20industry,Michael Davern,https://findanexpert.unimelb.edu.au/profile/14375,
Apromore Compliance Center: A No-Code Solution to Process Compliance Management,2024,Conference Proceedings,ICPM Doctoral Consortium and Demo Track 2024,https://findanexpert.unimelb.edu.au/scholarlywork/1943248-apromore%20compliance%20center-%20a%20no-code%20solution%20to%20process%20compliance%20management,Michael Davern,https://findanexpert.unimelb.edu.au/profile/14375,
Editors’ Comments AJIS Thinking Differently in Service of The Community,2024,Journal article,Australasian Journal of Information Systems,https://findanexpert.unimelb.edu.au/scholarlywork/1931970-editorse28099%20comments%20ajis%20thinking%20differently%20in%20service%20of%20the%20community,Michael Davern,https://findanexpert.unimelb.edu.au/profile/14375,
The Horizons of Financial Reporting - Part 2: Investor Perspectives and Measurement Uncertainty,2024,Report,,https://findanexpert.unimelb.edu.au/scholarlywork/1918665-the%20horizons%20of%20financial%20reporting%20-%20part%202-%20investor%20perspectives%20and%20measurement%20uncertainty,Michael Davern,https://findanexpert.unimelb.edu.au/profile/14375,
Data governance and the secondary use of data: The board influence,2023,Journal article,Information and Organization,https://findanexpert.unimelb.edu.au/scholarlywork/1753318-data%20governance%20and%20the%20secondary%20use%20of%20data-%20the%20board%20influence,Michael Davern,https://findanexpert.unimelb.edu.au/profile/14375,
Configuring Relationships between Analytics and Business Domain Groups for Knowledge Integration,2023,Journal article,Journal of the Association for Information Systems,https://findanexpert.unimelb.edu.au/scholarlywork/1763357-configuring%20relationships%20between%20analytics%20and%20business%20domain%20groups%20for%20knowledge%20integration,Michael Davern,https://findanexpert.unimelb.edu.au/profile/14375,
Auditors’ Perspectives: The Impacts of IFRS Practice Statement 2 Making Materiality Judgements,2023,Report,,https://findanexpert.unimelb.edu.au/scholarlywork/1824190-auditorse28099%20perspectives-%20the%20impacts%20of%20ifrs%20practice%20statement%202%20making%20materiality%20judgements,Michael Davern,https://findanexpert.unimelb.edu.au/profile/14375,
Assistive Technology (AT) for All: Exploring the benefits and challenges of timely access to AT when ineligible for the NDIS,2022,Report,,https://findanexpert.unimelb.edu.au/scholarlywork/1709311-assistive%20technology%20(at)%20for%20all-%20exploring%20the%20benefits%20and%20challenges%20of%20timely%20access%20to%20at%20when%20ineligible%20for%20the%20ndis,Michael Davern,https://findanexpert.unimelb.edu.au/profile/14375,
Why Do Banks Find Business Process Compliance So Challenging? An Australian Case Study,2022,Report,,https://findanexpert.unimelb.edu.au/scholarlywork/1663296-why%20do%20banks%20find%20business%20process%20compliance%20so%20challenging?%20an%20australian%20case%20study,Michael Davern,https://findanexpert.unimelb.edu.au/profile/14375,
Why Do Banks Find Business Process Compliance so Challenging? An Australian Perspective,2022,Conference Proceedings,Business Process Management Forum,https://findanexpert.unimelb.edu.au/scholarlywork/1701459-why%20do%20banks%20find%20business%20process%20compliance%20so%20challenging?%20an%20australian%20perspective,Michael Davern,https://findanexpert.unimelb.edu.au/profile/14375,
The Horizons of Financial Reporting – Part 1: Preparer Perspectives,2022,Report,,https://findanexpert.unimelb.edu.au/scholarlywork/1749442-the%20horizons%20of%20financial%20reporting%20e28093%20part%201-%20preparer%20perspectives,Michael Davern,https://findanexpert.unimelb.edu.au/profile/14375,
Disclosing Unrecognized Intangibles: The Search for Exemplars,2021,Report,,https://findanexpert.unimelb.edu.au/scholarlywork/1531907-disclosing%20unrecognized%20intangibles-%20the%20search%20for%20exemplars,Michael Davern,https://findanexpert.unimelb.edu.au/profile/14375,
Enhancing Fairness In Algorithmic Decision-Making Through Perspective Taking,2020,Conference Proceedings,ECIS 2020 Proceedings,https://findanexpert.unimelb.edu.au/scholarlywork/1497166-enhancing%20fairness%20in%20algorithmic%20decision-making%20through%20perspective%20taking,Michael Davern,https://findanexpert.unimelb.edu.au/profile/14375,
Explanations as Discourse: Towards Ethical Big Data Analytics Services,2020,Journal article,Australasian Journal of Information Systems,https://findanexpert.unimelb.edu.au/scholarlywork/1449082-explanations%20as%20discourse-%20towards%20ethical%20big%20data%20analytics%20services,Michael Davern,https://findanexpert.unimelb.edu.au/profile/14375,
Opportunity or threat: Board perspectives on the secondary use of data,2020,Conference Proceedings,"Proceedings of the 24th Pacific Asia Conference on Information Systems: Information Systems (IS) for the Future, PACIS 2020",https://findanexpert.unimelb.edu.au/scholarlywork/1462660-opportunity%20or%20threat-%20board%20perspectives%20on%20the%20secondary%20use%20of%20data,Michael Davern,https://findanexpert.unimelb.edu.au/profile/14375,
AASB 16 Leases: Investor Perspectives,2020,Report,,https://findanexpert.unimelb.edu.au/scholarlywork/1485729-aasb%2016%20leases-%20investor%20perspectives,Michael Davern,https://findanexpert.unimelb.edu.au/profile/14375,
Reconceptualizing synergy to explain the value of business analytics systems,2019,Journal article,Journal of Information Technology,https://findanexpert.unimelb.edu.au/scholarlywork/1375380-reconceptualizing%20synergy%20to%20explain%20the%20value%20of%20business%20analytics%20systems,Michael Davern,https://findanexpert.unimelb.edu.au/profile/14375,
Implementing AASB 15 revenue from contracts with customers: the preparer perspective,2019,Journal article,Accounting Research Journal,https://findanexpert.unimelb.edu.au/scholarlywork/1402879-implementing%20aasb%2015%20revenue%20from%20contracts%20with%20customers-%20the%20preparer%20perspective,Michael Davern,https://findanexpert.unimelb.edu.au/profile/14375,
Is Financial Reporting Still Useful? Australian Evidence,2019,Journal article,"Abacus: a journal of accounting, finance and business studies",https://findanexpert.unimelb.edu.au/scholarlywork/1385436-is%20financial%20reporting%20still%20useful?%20australian%20evidence,Michael Davern,https://findanexpert.unimelb.edu.au/profile/14375,
Technology and the Future of the Profession,2019,Report,,https://findanexpert.unimelb.edu.au/scholarlywork/1420591-technology%20and%20the%20future%20of%20the%20profession,Michael Davern,https://findanexpert.unimelb.edu.au/profile/14375,
On the Ethical Implications of Big Data in Service Systems,2019,Book Chapter,,https://findanexpert.unimelb.edu.au/scholarlywork/1540831-on%20the%20ethical%20implications%20of%20big%20data%20in%20service%20systems,Michael Davern,https://findanexpert.unimelb.edu.au/profile/14375,
Ethical Issues in Big Data Analytics: A Stakeholder Perspective,2019,Journal article,Communications of the Association for Information Systems,https://findanexpert.unimelb.edu.au/scholarlywork/1420583-ethical%20issues%20in%20big%20data%20analytics-%20a%20stakeholder%20perspective,Michael Davern,https://findanexpert.unimelb.edu.au/profile/14375,
Implementing AASB 16 Leases: Are Preparers Ready?,2019,Report,,https://findanexpert.unimelb.edu.au/scholarlywork/1425781-implementing%20aasb%2016%20leases-%20are%20preparers%20ready?,Michael Davern,https://findanexpert.unimelb.edu.au/profile/14375,
On the Ethical Implications of Big Data in Service Systems,2019,Book Chapter,,https://findanexpert.unimelb.edu.au/scholarlywork/1420587-on%20the%20ethical%20implications%20of%20big%20data%20in%20service%20systems,Michael Davern,https://findanexpert.unimelb.edu.au/profile/14375,
The effect of industry on the relevance of financial reports for investor decision making,2018,Report,,https://findanexpert.unimelb.edu.au/scholarlywork/1358829-the%20effect%20of%20industry%20on%20the%20relevance%20of%20financial%20reports%20for%20investor%20decision%20making,Michael Davern,https://findanexpert.unimelb.edu.au/profile/14375,
The decision-usefulness of financial reports and the future of (financial) reporting,2018,Report,,https://findanexpert.unimelb.edu.au/scholarlywork/1358835-the%20decision-usefulness%20of%20financial%20reports%20and%20the%20future%20of%20(financial)%20reporting,Michael Davern,https://findanexpert.unimelb.edu.au/profile/14375,
Towards Ethical Big Data Artifacts: A Conceptual Design,2018,Conference Proceedings,PROCEEDINGS OF THE 51ST ANNUAL HAWAII INTERNATIONAL CONFERENCE ON SYSTEM SCIENCES (HICSS),https://findanexpert.unimelb.edu.au/scholarlywork/1533719-towards%20ethical%20big%20data%20artifacts-%20a%20conceptual%20design,Michael Davern,https://findanexpert.unimelb.edu.au/profile/14375,
"The effect of company size, profitability and the introduction of IFRS on the relevance of financial reports for investor decision making",2018,Report,,https://findanexpert.unimelb.edu.au/scholarlywork/1358832-the%20effect%20of%20company%20size-%20profitability%20and%20the%20introduction%20of%20ifrs%20on%20the%20relevance%20of%20financial%20reports%20for%20investor%20decision%20making,Michael Davern,https://findanexpert.unimelb.edu.au/profile/14375,
Are financial reports still useful to investors?,2018,Report,,https://findanexpert.unimelb.edu.au/scholarlywork/1358822-are%20financial%20reports%20still%20useful%20to%20investors?,Michael Davern,https://findanexpert.unimelb.edu.au/profile/14375,
Relevance of alternative performance measures and non-financial information for investor decision making in Australia,2018,Report,,https://findanexpert.unimelb.edu.au/scholarlywork/1358826-relevance%20of%20alternative%20performance%20measures%20and%20non-financial%20information%20for%20investor%20decision%20making%20in%20australia,Michael Davern,https://findanexpert.unimelb.edu.au/profile/14375,
Enablers and Mechanisms: Practices for Achieving Synergy with Business Analytics,2017,Conference Proceedings,Proceedings of the ... Annual Hawaii International Conference on System Sciences. Annual Hawaii International Conference on System Sciences,https://findanexpert.unimelb.edu.au/scholarlywork/1126236-enablers%20and%20mechanisms-%20practices%20for%20achieving%20synergy%20with%20business%20analytics,Michael Davern,https://findanexpert.unimelb.edu.au/profile/14375,
A Framework for Relationships in Outsourcing: Contract Management Archetypes,2017,Conference Proceedings,Proceedings of the ... Annual Hawaii International Conference on System Sciences. Annual Hawaii International Conference on System Sciences,https://findanexpert.unimelb.edu.au/scholarlywork/1180278-a%20framework%20for%20relationships%20in%20outsourcing-%20contract%20management%20archetypes,Michael Davern,https://findanexpert.unimelb.edu.au/profile/14375,
The Role of Synergy in using Enterprise Architecture for Business Transformation,2016,Conference Proceedings,,https://findanexpert.unimelb.edu.au/scholarlywork/1090454-the%20role%20of%20synergy%20in%20using%20enterprise%20architecture%20for%20business%20transformation,Michael Davern,https://findanexpert.unimelb.edu.au/profile/14375,
Ethical Implications of Big Data Analytics,2016,Conference Proceedings,,https://findanexpert.unimelb.edu.au/scholarlywork/1090453-ethical%20implications%20of%20big%20data%20analytics,Michael Davern,https://findanexpert.unimelb.edu.au/profile/14375,
Information systems planning: The search for potential value,2015,Book Chapter,Advances in Management Information Systems,https://findanexpert.unimelb.edu.au/scholarlywork/316034-information%20systems%20planning-%20the%20search%20for%20potential%20value,Michael Davern,https://findanexpert.unimelb.edu.au/profile/14375,
Enhancing the business value of business intelligence: The role of shared knowledge and assimilation,2013,Journal article,Journal of Information Systems,https://findanexpert.unimelb.edu.au/scholarlywork/600565-enhancing%20the%20business%20value%20of%20business%20intelligence-%20the%20role%20of%20shared%20knowledge%20and%20assimilation,Michael Davern,https://findanexpert.unimelb.edu.au/profile/14375,
Acceptance of post-adoption unanticipated is usage: Towards a taxonomy,2012,Journal article,Data Base for Advances in Information Systems,https://findanexpert.unimelb.edu.au/scholarlywork/346422-acceptance%20of%20post-adoption%20unanticipated%20is%20usage-%20towards%20a%20taxonomy,Michael Davern,https://findanexpert.unimelb.edu.au/profile/14375,
Cognition matters: Enduring questions in cognitive is research,2012,Journal article,Journal of the Association for Information Systems,https://findanexpert.unimelb.edu.au/scholarlywork/344364-cognition%20matters-%20enduring%20questions%20in%20cognitive%20is%20research,Michael Davern,https://findanexpert.unimelb.edu.au/profile/14375,
More enduring questions in cognitive is research: A reply,2012,Journal article,Journal of the Association for Information Systems,https://findanexpert.unimelb.edu.au/scholarlywork/493423-more%20enduring%20questions%20in%20cognitive%20is%20research-%20a%20reply,Michael Davern,https://findanexpert.unimelb.edu.au/profile/14375,
A challenging success: a process audit perspective on change,2011,Journal article,Business Process Management Journal,https://findanexpert.unimelb.edu.au/scholarlywork/336754-a%20challenging%20success-%20a%20process%20audit%20perspective%20on%20change,Michael Davern,https://findanexpert.unimelb.edu.au/profile/14375,
Knowledge matters: Restrictiveness and performance with decision support,2010,Journal article,Decision Support Systems,https://findanexpert.unimelb.edu.au/scholarlywork/323869-knowledge%20matters-%20restrictiveness%20and%20performance%20with%20decision%20support,Michael Davern,https://findanexpert.unimelb.edu.au/profile/14375,
Towards an integrated view of IT value measurement,2010,Journal article,International Journal of Accounting Information Systems,https://findanexpert.unimelb.edu.au/scholarlywork/324535-towards%20an%20integrated%20view%20of%20it%20value%20measurement,Michael Davern,https://findanexpert.unimelb.edu.au/profile/14375,
Incommensurability in design science: Which comes first-Theory or artefact?,2010,Conference Proceedings,Information Systems Foundations the Role of Design Science,https://findanexpert.unimelb.edu.au/scholarlywork/309416-incommensurability%20in%20design%20science-%20which%20comes%20first-theory%20or%20artefact?,Michael Davern,https://findanexpert.unimelb.edu.au/profile/14375,
The evolution of a conference: A message from the program chairs,2009,Conference Proceedings,12th Australian Conference on Knowledge Management and Intelligent Decision Support Ackmids 09 and 20th Australasian Conference on Information Systems Acis 2009,https://findanexpert.unimelb.edu.au/scholarlywork/852623-the%20evolution%20of%20a%20conference-%20a%20message%20from%20the%20program%20chairs,Michael Davern,https://findanexpert.unimelb.edu.au/profile/14375,
Why did they do that? Variability in routine transactions,2009,Journal article,Information Technology and People,https://findanexpert.unimelb.edu.au/scholarlywork/311711-why%20did%20they%20do%20that?%20variability%20in%20routine%20transactions,Michael Davern,https://findanexpert.unimelb.edu.au/profile/14375,
Evolving innovations through design and use,2008,Journal article,Communications of the ACM,https://findanexpert.unimelb.edu.au/scholarlywork/302385-evolving%20innovations%20through%20design%20and%20use,Michael Davern,https://findanexpert.unimelb.edu.au/profile/14375,
Personalization and Choice Behavior: The Role of Personality Traits,2008,Journal article,Data Base for Advances in Information Systems,https://findanexpert.unimelb.edu.au/scholarlywork/301952-personalization%20and%20choice%20behavior-%20the%20role%20of%20personality%20traits,Michael Davern,https://findanexpert.unimelb.edu.au/profile/14375,
Measuring the effects of business intelligence systems: The relationship between business process and organizational performance,2008,Journal article,International Journal of Accounting Information Systems,https://findanexpert.unimelb.edu.au/scholarlywork/300906-measuring%20the%20effects%20of%20business%20intelligence%20systems-%20the%20relationship%20between%20business%20process%20and%20organizational%20performance,Michael Davern,https://findanexpert.unimelb.edu.au/profile/14375,
Diagnosing decision quality,2008,Journal article,Decision Support Systems,https://findanexpert.unimelb.edu.au/scholarlywork/299600-diagnosing%20decision%20quality,Michael Davern,https://findanexpert.unimelb.edu.au/profile/14375,
Leveraging Business Intelligence: Organizational Assimilation of Value-chain Strategic Information Systems,2008,Conference Proceedings,"Fourth Asia/Pacific Research Symposium on Accounting Information Systems. Auckland, New Zealand.",https://findanexpert.unimelb.edu.au/scholarlywork/302156-leveraging%20business%20intelligence-%20organizational%20assimilation%20of%20value-chain%20strategic%20information%20systems,Michael Davern,https://findanexpert.unimelb.edu.au/profile/14375,
User behaviour and decision making: The role of Decisional Guidance in Decision Support,2008,Conference Proceedings,The Seventh Annual Workshop on HCI Research in MIS,https://findanexpert.unimelb.edu.au/scholarlywork/309417-user%20behaviour%20and%20decision%20making-%20the%20role%20of%20decisional%20guidance%20in%20decision%20support,Michael Davern,https://findanexpert.unimelb.edu.au/profile/14375,
Transaction-driven personalization: The moderating effects of personality traits,2007,Conference Proceedings,Pacis 2007 11th Pacific Asia Conference on Information Systems Managing Diversity in Digital Enterprises,https://findanexpert.unimelb.edu.au/scholarlywork/297214-transaction-driven%20personalization-%20the%20moderating%20effects%20of%20personality%20traits,Michael Davern,https://findanexpert.unimelb.edu.au/profile/14375,
"Towards a unified theory of fit: Task, technology and individual",2007,Book Chapter,,https://findanexpert.unimelb.edu.au/scholarlywork/297209-towards%20a%20unified%20theory%20of%20fit-%20task-%20technology%20and%20individual,Michael Davern,https://findanexpert.unimelb.edu.au/profile/14375,
Decision Making in Insolvency,2006,Journal article,Australian Insolvency Journal,https://findanexpert.unimelb.edu.au/scholarlywork/283795-decision%20making%20in%20insolvency,Michael Davern,https://findanexpert.unimelb.edu.au/profile/14375,
The Pervasiveness of Information and Communication Technology: Its Effects on Business Models and Implications for the Accounting Profession,2005,Journal article,Australian Accounting Review,https://findanexpert.unimelb.edu.au/scholarlywork/271262-the%20pervasiveness%20of%20information%20and%20communication%20technology-%20its%20effects%20on%20business%20models%20and%20implications%20for%20the%20accounting%20profession,Michael Davern,https://findanexpert.unimelb.edu.au/profile/14375,
An Exploratory Model of Decision Quality and its Antecedents for Category Novices Using Multiple-Stage Shopping Engines,2005,Journal article,e-Service Journal,https://findanexpert.unimelb.edu.au/scholarlywork/274888-an%20exploratory%20model%20of%20decision%20quality%20and%20its%20antecedents%20for%20category%20novices%20using%20multiple-stage%20shopping%20engines,Michael Davern,https://findanexpert.unimelb.edu.au/profile/14375,
Knowledge Matters: Performance with Decision Support,2004,Conference Proceedings,Proceedings of the 4th Annual Information Systems Cognitive Research Workshop,https://findanexpert.unimelb.edu.au/scholarlywork/269088-knowledge%20matters-%20performance%20with%20decision%20support,Michael Davern,https://findanexpert.unimelb.edu.au/profile/14375,
Personalizing to product category knowledge: Exploring the mediating effect of shopping tools on decision confidence,2004,Conference Proceedings,Proceedings of the Hawaii International Conference on System Sciences,https://findanexpert.unimelb.edu.au/scholarlywork/268305-personalizing%20to%20product%20category%20knowledge-%20exploring%20the%20mediating%20effect%20of%20shopping%20tools%20on%20decision%20confidence,Michael Davern,https://findanexpert.unimelb.edu.au/profile/14375,
An Exploratory Model of Decision Quality and its Antecedents for Category Novices Using Multiple-Stage Shopping Engines,2004,Journal article,e-Service Journal,https://findanexpert.unimelb.edu.au/scholarlywork/1540832-an%20exploratory%20model%20of%20decision%20quality%20and%20its%20antecedents%20for%20category%20novices%20using%20multiple-stage%20shopping%20engines,Michael Davern,https://findanexpert.unimelb.edu.au/profile/14375,
Innovation with information systems: An appropriation perspective,2004,Conference Proceedings,Proceedings of the Fifteenth Australasian Conference on Information Systems (ACIS 2004),https://findanexpert.unimelb.edu.au/scholarlywork/267214-innovation%20with%20information%20systems-%20an%20appropriation%20perspective,Michael Davern,https://findanexpert.unimelb.edu.au/profile/14375,
Discovering potential and realizing value from information technology investments,2000,Journal article,Journal of Management Information Systems,https://findanexpert.unimelb.edu.au/scholarlywork/986158-discovering%20potential%20and%20realizing%20value%20from%20information%20technology%20investments,Michael Davern,https://findanexpert.unimelb.edu.au/profile/14375,
CONTENT VERSUS STRUCTURE IN INFORMATION ENVIRONMENTS: A LONGITUDINAL ANALYSIS OF WEBSITE PREFERENCES,2000,Conference Proceedings,Proceedings of the 21st International Conference on Information Systems Icis 2000,https://findanexpert.unimelb.edu.au/scholarlywork/1705224-content%20versus%20structure%20in%20information%20environments-%20a%20longitudinal%20analysis%20of%20website%20preferences,Michael Davern,https://findanexpert.unimelb.edu.au/profile/14375,
Science and the IS researcher: Building an empire without walls,1997,Conference Proceedings,ASSOCIATION FOR INFORMATION SYSTEMS PROCEEDING OF THE AMERICAS CONFERENCE ON INFORMATION SYSTEMS,https://findanexpert.unimelb.edu.au/scholarlywork/999570-science%20and%20the%20is%20researcher-%20building%20an%20empire%20without%20walls,Michael Davern,https://findanexpert.unimelb.edu.au/profile/14375,
WHEN GOOD FIT IS BAD: THE DYNAMICS OF PERCEIVED FIT,1996,Conference Proceedings,Proceedings of the 17th International Conference on Information Systems Icis 1996,https://findanexpert.unimelb.edu.au/scholarlywork/1705223-when%20good%20fit%20is%20bad-%20the%20dynamics%20of%20perceived%20fit,Michael Davern,https://findanexpert.unimelb.edu.au/profile/14375,
Are climate scenario analysis disclosures valued by investors?,2025,Journal article,Journal of Accounting and Public Policy,https://findanexpert.unimelb.edu.au/scholarlywork/1995264-are%20climate%20scenario%20analysis%20disclosures%20valued%20by%20investors?,Tongqing (Tony) Ding,https://fbe.unimelb.edu.au/our-people/staff/accounting/tongqing-ding,Senior Lecturer
Empirical research in accounting: Tools and methods,2024,Book,,https://findanexpert.unimelb.edu.au/scholarlywork/1947216-empirical%20research%20in%20accounting-%20tools%20and%20methods,Tongqing (Tony) Ding,https://fbe.unimelb.edu.au/our-people/staff/accounting/tongqing-ding,Senior Lecturer
Director Reputation Effects of Environmental and Social Failures,2024,Report,,https://findanexpert.unimelb.edu.au/scholarlywork/1946000-director%20reputation%20effects%20of%20environmental%20and%20social%20failures,Tongqing (Tony) Ding,https://fbe.unimelb.edu.au/our-people/staff/accounting/tongqing-ding,Senior Lecturer
Optimal Pricing Model for Perishable Commodities and its Particle Swarm Optimization Solution,2005,Journal article,Computer Engineering and Applications Journal,https://findanexpert.unimelb.edu.au/scholarlywork/1413901-optimal%20pricing%20model%20for%20perishable%20commodities%20and%20its%20particle%20swarm%20optimization%20solution,Tongqing (Tony) Ding,https://fbe.unimelb.edu.au/our-people/staff/accounting/tongqing-ding,Senior Lecturer
A new method for consistency improving in the AHP with possibility-satisfiability degree,2004,Conference Proceedings,,https://findanexpert.unimelb.edu.au/scholarlywork/1414104-a%20new%20method%20for%20consistency%20improving%20in%20the%20ahp%20with%20possibility-satisfiability%20degree,Tongqing (Tony) Ding,https://fbe.unimelb.edu.au/our-people/staff/accounting/tongqing-ding,Senior Lecturer
Evaluation on the Multivariate Process Capability of Suppliers based on the Process Entropy,2004,Conference Proceedings,,https://findanexpert.unimelb.edu.au/scholarlywork/1417182-evaluation%20on%20the%20multivariate%20process%20capability%20of%20suppliers%20based%20on%20the%20process%20entropy,Tongqing (Tony) Ding,https://fbe.unimelb.edu.au/our-people/staff/accounting/tongqing-ding,Senior Lecturer
When and Why Do Supervisors’ Evaluations Overweight Subordinates’ Performance Outcomes? Evidence from a Team Setting in the Field,2025,Journal article,Accounting Review,https://findanexpert.unimelb.edu.au/scholarlywork/1967743-when%20and%20why%20do%20supervisorse28099%20evaluations%20overweight%20subordinatese28099%20performance%20outcomes?%20evidence%20from%20a%20team%20setting%20in%20the%20field,Patrick J. Ferguson,https://findanexpert.unimelb.edu.au/profile/196369,Senior Lecturer
Consuming Contests: The Effect of Outcome Uncertainty on Spectator Attendance in the Australian Football League*,2023,Journal article,Economic Record,https://findanexpert.unimelb.edu.au/scholarlywork/1789273-consuming%20contests-%20the%20effect%20of%20outcome%20uncertainty%20on%20spectator%20attendance%20in%20the%20australian%20football%20league*,Patrick J. Ferguson,https://findanexpert.unimelb.edu.au/profile/196369,Senior Lecturer
Who pays attention to sustainability reports and why? Evidence from Google search activity,2023,Journal article,Accounting and Finance,https://findanexpert.unimelb.edu.au/scholarlywork/1740531-who%20pays%20attention%20to%20sustainability%20reports%20and%20why?%20evidence%20from%20google%20search%20activity,Patrick J. Ferguson,https://findanexpert.unimelb.edu.au/profile/196369,Senior Lecturer
Superstar Productivity and Pay: Evidence from the Australian Football League,2022,Journal article,Economic Record,https://findanexpert.unimelb.edu.au/scholarlywork/1671062-superstar%20productivity%20and%20pay-%20evidence%20from%20the%20australian%20football%20league,Patrick J. Ferguson,https://findanexpert.unimelb.edu.au/profile/196369,Senior Lecturer
"Less Information, More Comparison, and Better Performance: Evidence from a Field Experiment",2021,Journal article,Journal of Accounting Research,https://findanexpert.unimelb.edu.au/scholarlywork/1540114-less%20information-%20more%20comparison-%20and%20better%20performance-%20evidence%20from%20a%20field%20experiment,Patrick J. Ferguson,https://findanexpert.unimelb.edu.au/profile/196369,Senior Lecturer
Enhancing the accessibility of accounting and business archives: The role of technology in informing research in accounting and business,2013,Journal article,Abacus,https://findanexpert.unimelb.edu.au/scholarlywork/589929-enhancing%20the%20accessibility%20of%20accounting%20and%20business%20archives-%20the%20role%20of%20technology%20in%20informing%20research%20in%20accounting%20and%20business,Patrick J. Ferguson,https://findanexpert.unimelb.edu.au/profile/196369,Senior Lecturer
The Elephant in the Room: P-hacking and Accounting Research,2025,Journal article,Accounting Economics and Law A Convivium,https://findanexpert.unimelb.edu.au/scholarlywork/1816376-the%20elephant%20in%20the%20room-%20p-hacking%20and%20accounting%20research,Ian Gow,https://findanexpert.unimelb.edu.au/profile/798317,
Empirical research in accounting: Tools and methods,2024,Book,,https://findanexpert.unimelb.edu.au/scholarlywork/1947216-empirical%20research%20in%20accounting-%20tools%20and%20methods,Ian Gow,https://findanexpert.unimelb.edu.au/profile/798317,
Activist directors: determinants and consequences,2024,Journal article,Review of Accounting Studies,https://findanexpert.unimelb.edu.au/scholarlywork/1804073-activist%20directors-%20determinants%20and%20consequences,Ian Gow,https://findanexpert.unimelb.edu.au/profile/798317,
Board diversity and shareholder voting,2023,Journal article,Journal of Corporate Finance,https://findanexpert.unimelb.edu.au/scholarlywork/1820577-board%20diversity%20and%20shareholder%20voting,Ian Gow,https://findanexpert.unimelb.edu.au/profile/798317,
Non-Answers During Conference Calls,2021,Journal article,Journal of Accounting Research,https://findanexpert.unimelb.edu.au/scholarlywork/1545862-non-answers%20during%20conference%20calls,Ian Gow,https://findanexpert.unimelb.edu.au/profile/798317,
Managing reputation: Evidence from biographies of corporate directors,2018,Journal article,Journal of Accounting and Economics,https://findanexpert.unimelb.edu.au/scholarlywork/1347514-managing%20reputation-%20evidence%20from%20biographies%20of%20corporate%20directors,Ian Gow,https://findanexpert.unimelb.edu.au/profile/798317,
Linguistic Complexity in Firm Disclosures: Obfuscation or Information?,2018,Journal article,Journal of Accounting Research,https://findanexpert.unimelb.edu.au/scholarlywork/1255799-linguistic%20complexity%20in%20firm%20disclosures-%20obfuscation%20or%20information?,Ian Gow,https://findanexpert.unimelb.edu.au/profile/798317,
Causal Inference in Accounting Research,2016,Journal article,Journal of Accounting Research,https://findanexpert.unimelb.edu.au/scholarlywork/1088774-causal%20inference%20in%20accounting%20research,Ian Gow,https://findanexpert.unimelb.edu.au/profile/798317,
Fundamental data anomalies,2015,Other,,https://findanexpert.unimelb.edu.au/scholarlywork/1821613-fundamental%20data%20anomalies,Ian Gow,https://findanexpert.unimelb.edu.au/profile/798317,
The efficacy of shareholder voting: Evidence from equity compensation plans,2013,Journal article,Journal of Accounting Research,https://findanexpert.unimelb.edu.au/scholarlywork/1088777-the%20efficacy%20of%20shareholder%20voting-%20evidence%20from%20equity%20compensation%20plans,Ian Gow,https://findanexpert.unimelb.edu.au/profile/798317,
Why do pro forma and Street earnings not reflect changes in GAAP? Evidence from SFAS 123R,2012,Journal article,Review of Accounting Studies,https://findanexpert.unimelb.edu.au/scholarlywork/1255800-why%20do%20pro%20forma%20and%20street%20earnings%20not%20reflect%20changes%20in%20gaap?%20evidence%20from%20sfas%20123r,Ian Gow,https://findanexpert.unimelb.edu.au/profile/798317,
Rating the ratings: How good are commercial governance ratings?,2010,Journal article,Journal of Financial Economics,https://findanexpert.unimelb.edu.au/scholarlywork/1197330-rating%20the%20ratings-%20how%20good%20are%20commercial%20governance%20ratings?,Ian Gow,https://findanexpert.unimelb.edu.au/profile/798317,
Correcting for cross-sectional and time-series dependence in accounting research,2010,Journal article,Accounting Review,https://findanexpert.unimelb.edu.au/scholarlywork/1220204-correcting%20for%20cross-sectional%20and%20time-series%20dependence%20in%20accounting%20research,Ian Gow,https://findanexpert.unimelb.edu.au/profile/798317,
Capital Budgeting: The Role of Cost Allocations,2007,Conference Proceedings,Operations Research Proceedings,https://findanexpert.unimelb.edu.au/scholarlywork/1306747-capital%20budgeting-%20the%20role%20of%20cost%20allocations,Ian Gow,https://findanexpert.unimelb.edu.au/profile/798317,
EVA IN THE E&P INDUSTRY: THE CASE OF NUEVO ENERGY,2001,Journal article,Journal of Applied Corporate Finance,https://findanexpert.unimelb.edu.au/scholarlywork/1306746-eva%20in%20the%20e&p%20industry-%20the%20case%20of%20nuevo%20energy,Ian Gow,https://findanexpert.unimelb.edu.au/profile/798317,
CEO Personality and Firm Policies,,Report,,https://findanexpert.unimelb.edu.au/scholarlywork/1409292-ceo%20personality%20and%20firm%20policies,Ian Gow,https://findanexpert.unimelb.edu.au/profile/798317,
Research Handbook on Performance Measurement for Management Control,2024,Book,,https://findanexpert.unimelb.edu.au/scholarlywork/1947074-research%20handbook%20on%20performance%20measurement%20for%20management%20control,Jennifer Grafton,https://findanexpert.unimelb.edu.au/profile/2122,
Incorporando agendas de sustentabilidade nas organizações: uma perspectiva de mensuração de desempenho e controle gerencial,2024,Journal article,Revista Contabilidade &amp; Finanças,https://findanexpert.unimelb.edu.au/scholarlywork/1966673-incorporando%20agendas%20de%20sustentabilidade%20nas%20organizac3a7c3b5es-%20uma%20perspectiva%20de%20mensurac3a7c3a3o%20de%20desempenho%20e%20controle%20gerencial,Jennifer Grafton,https://findanexpert.unimelb.edu.au/profile/2122,
The contemporary landscape of performance measurement research: overview of Research Handbook content and reader navigation,2024,Book Chapter,,https://findanexpert.unimelb.edu.au/scholarlywork/1947075-the%20contemporary%20landscape%20of%20performance%20measurement%20research-%20overview%20of%20research%20handbook%20content%20and%20reader%20navigation,Jennifer Grafton,https://findanexpert.unimelb.edu.au/profile/2122,
"Performance measurement, strategy, and strategic change",2024,Book Chapter,,https://findanexpert.unimelb.edu.au/scholarlywork/1966674-performance%20measurement-%20strategy-%20and%20strategic%20change,Jennifer Grafton,https://findanexpert.unimelb.edu.au/profile/2122,
Embedding sustainability agendas within organizations: A performance measurement and management control perspective,2024,Journal article,Revista Contabilidade E Financas,https://findanexpert.unimelb.edu.au/scholarlywork/1966675-embedding%20sustainability%20agendas%20within%20organizations-%20a%20performance%20measurement%20and%20management%20control%20perspective,Jennifer Grafton,https://findanexpert.unimelb.edu.au/profile/2122,
"Capturing the wisdom of the field: trends, opportunities, and threats in positivist field study research",2024,Book Chapter,,https://findanexpert.unimelb.edu.au/scholarlywork/1947078-capturing%20the%20wisdom%20of%20the%20field-%20trends-%20opportunities-%20and%20threats%20in%20positivist%20field%20study%20research,Jennifer Grafton,https://findanexpert.unimelb.edu.au/profile/2122,
The Influence of Institutional Differences on Control Mechanisms in Alliances,2022,Journal article,The Accounting Review,https://findanexpert.unimelb.edu.au/scholarlywork/1540347-the%20influence%20of%20institutional%20differences%20on%20control%20mechanisms%20in%20alliances,Jennifer Grafton,https://findanexpert.unimelb.edu.au/profile/2122,
The Influence of Performance Measurement on the Processual Dynamics of Strategic Change,2021,Journal article,Management Science,https://findanexpert.unimelb.edu.au/scholarlywork/1420884-the%20influence%20of%20performance%20measurement%20on%20the%20processual%20dynamics%20of%20strategic%20change,Jennifer Grafton,https://findanexpert.unimelb.edu.au/profile/2122,
Relational contracting and the myth of trust: Control in a co-opetitive setting,2017,Journal article,MANAGEMENT ACCOUNTING RESEARCH,https://findanexpert.unimelb.edu.au/scholarlywork/1122823-relational%20contracting%20and%20the%20myth%20of%20trust-%20control%20in%20a%20co-opetitive%20setting,Jennifer Grafton,https://findanexpert.unimelb.edu.au/profile/2122,
Is Corporate Governance a good predictor of financial distress within firms?,2016,Scholarly Contribution to Database/Website,,https://findanexpert.unimelb.edu.au/scholarlywork/1458688-is%20corporate%20governance%20a%20good%20predictor%20of%20financial%20distress%20within%20firms?,Jennifer Grafton,https://findanexpert.unimelb.edu.au/profile/2122,
Organisational design choices in response to public sector reforms: A case study of mandated hospital networks,2011,Journal article,Management Accounting Research,https://findanexpert.unimelb.edu.au/scholarlywork/316557-organisational%20design%20choices%20in%20response%20to%20public%20sector%20reforms-%20a%20case%20study%20of%20mandated%20hospital%20networks,Jennifer Grafton,https://findanexpert.unimelb.edu.au/profile/2122,
Mixed methods research in accounting,2011,Journal article,Qualitative Research in Accounting Management,https://findanexpert.unimelb.edu.au/scholarlywork/330160-mixed%20methods%20research%20in%20accounting,Jennifer Grafton,https://findanexpert.unimelb.edu.au/profile/2122,
Collaboration and Control: Managing tensions in competitive inter-organisational relationships,2011,Journal article,CIMA Research Executive Series,https://findanexpert.unimelb.edu.au/scholarlywork/330163-collaboration%20and%20control-%20managing%20tensions%20in%20competitive%20inter-organisational%20relationships,Jennifer Grafton,https://findanexpert.unimelb.edu.au/profile/2122,
The role of performance measurement and evaluation in building organizational capabilities and performance,2010,Journal article,Accounting Organizations and Society,https://findanexpert.unimelb.edu.au/scholarlywork/324423-the%20role%20of%20performance%20measurement%20and%20evaluation%20in%20building%20organizational%20capabilities%20and%20performance,Jennifer Grafton,https://findanexpert.unimelb.edu.au/profile/2122,
KPMG Fraud and Misconduct Survey 2010 Australia and New Zealand,2010,Report,,https://findanexpert.unimelb.edu.au/scholarlywork/334604-kpmg%20fraud%20and%20misconduct%20survey%202010%20australia%20and%20new%20zealand,Jennifer Grafton,https://findanexpert.unimelb.edu.au/profile/2122,
Competitive Collaborations,2010,Journal article,Financial Management,https://findanexpert.unimelb.edu.au/scholarlywork/334762-competitive%20collaborations,Jennifer Grafton,https://findanexpert.unimelb.edu.au/profile/2122,
"Special issue on ""mixed methods"" research",2009,Journal article,ASIAN REVIEW OF ACCOUNTING,https://findanexpert.unimelb.edu.au/scholarlywork/1691399-special%20issue%20on%2022mixed%20methods22%20research,Jennifer Grafton,https://findanexpert.unimelb.edu.au/profile/2122,
KPMG Fraud and Misconduct Survey 2008 Australia and New Zealand,2008,Report,,https://findanexpert.unimelb.edu.au/scholarlywork/334610-kpmg%20fraud%20and%20misconduct%20survey%202008%20australia%20and%20new%20zealand,Jennifer Grafton,https://findanexpert.unimelb.edu.au/profile/2122,
"Accounting and Control in Health Care: Behavioural, Organisational, Sociological and Critical Perspectives",2006,Book Chapter,Handbooks of Management Accounting Research,https://findanexpert.unimelb.edu.au/scholarlywork/282747-accounting%20and%20control%20in%20health%20care-%20behavioural-%20organisational-%20sociological%20and%20critical%20perspectives,Jennifer Grafton,https://findanexpert.unimelb.edu.au/profile/2122,
Health Sector Performance Management,2005,Journal article,Australian Accounting Review,https://findanexpert.unimelb.edu.au/scholarlywork/271405-health%20sector%20performance%20management,Jennifer Grafton,https://findanexpert.unimelb.edu.au/profile/2122,
The role of performance management and control systems in public-sector reform: Victorian health care networks,2005,Journal article,Australian Accounting Review,https://findanexpert.unimelb.edu.au/scholarlywork/271403-the%20role%20of%20performance%20management%20and%20control%20systems%20in%20public-sector%20reform-%20victorian%20health%20care%20networks,Jennifer Grafton,https://findanexpert.unimelb.edu.au/profile/2122,
The institutional and technical antecedents of organisational design: A case study in the Victorian metropolitan hospital system,2003,Report,,https://findanexpert.unimelb.edu.au/scholarlywork/262699-the%20institutional%20and%20technical%20antecedents%20of%20organisational%20design-%20a%20case%20study%20in%20the%20victorian%20metropolitan%20hospital%20system,Jennifer Grafton,https://findanexpert.unimelb.edu.au/profile/2122,
